CustomerID,CustomerName,Region
1,Laila mahmoud,Alexandria
2,Sara ibrahim,Alexandria
3,Laila khaled,Giza
4,Ahmed hassan,Alexandria
5,  mona salem  ,Mansoura
6,Mohamed fahmy,Giza
7,Ahmed youssef,Aswan
8,Omar salem,Alexandria
9,Omar ali,Aswan
10,Sara mostafa,Cairo
11,Mohamed fahmy,Alexandria
12,Laila khaled,Alexandria
13,Mona mahmoud,Mansoura
14,Ahmed salem,Aswan
15,Noah hassan,Cairo
16,Noah fahmy,Alexandria
17,Hussein khaled,Alexandria
18,Ahmed hassan,Cairo
19,Noah fahmy,Mansoura
20,  mohamed rashid  ,Aswan
21,Mohamed mostafa,Alexandria
22,Yassin khaled,Cairo
23,Mona fahmy,Mansoura
24,Omar ali,Giza
25,Yassin ali,Aswan
26,Noah khaled,Cairo
27,Mohamed khaled,Aswan
28,Noran mostafa,Giza
29,Mohamed ali,Mansoura
30,Omar youssef,Alexandria
31,Yassin rashid,Aswan
32,Ahmed fahmy,Giza
33,Mohamed fahmy,Alexandria
34,Sara fahmy,Mansoura
35,Sara ali,Cairo
36,Hussein fahmy,Mansoura
37,Yassin fahmy,Cairo
38,Sara mahmoud,Cairo
39,Omar khaled,Aswan
40,Yassin khaled,Cairo
41,Noah youssef,Alexandria
42,Noah mostafa,Mansoura
43,Noah khaled,Giza
44,Omar khaled,Aswan
45,Sara ibrahim,Aswan
46,Noran khaled,Aswan
47,Ahmed khaled,Cairo
48,Noah mahmoud,Mansoura
49,Mohamed youssef,Aswan
50,Yassin mostafa,Mansoura
51,Laila youssef,Mansoura
52,Mona salem,Aswan
53,Hussein ibrahim,Cairo
54,Noah youssef,Al exandria
55,Laila hassan,Mansoura
56,Hussein khaled,Alexandria
57,Mohamed khaled,Alexandria
58,Noah hassan,Mansoura
59,Noran rashid,Aswan
60,Hussein ibrahim,Mansoura
61,Omar rashid,Alexandria
62,Noran fahmy,Cairo
63,Mohamed khaled,Mansoura
64,  mona salem  ,Cairo
65,Noran youssef,Mansoura
66,Omar salem,Alexandria
67,Mona ibrahim,Mansoura
68,Laila salem,Cairo
69,Sara khaled,Giza
70,Mona youssef,Cairo
71,  noah hassan  ,Cairo
72,Yassin mostafa,Alexandria
73,Sara mahmoud,Alexandria
74,Yassin youssef,Cairo
75,Mona khaled,Alexandria
76,Sara salem,Ca iro
77,Noran hassan,Aswan
78,Hussein hassan,Mansoura
79,Mona ibrahim,Aswan
80,Hussein rashid,Mansoura
81,Mohamed youssef,Mansoura
82,Ahmed rashid,Giza
83,Laila youssef,Aswan
84,Mohamed mostafa,Mansoura
85,Hussein rashid,Cairo
86,Laila mahmoud,Mansoura
87,Noran rashid,Giza
88,Omar ibrahim,Alexandria
89,Omar salem,Giza
90,Sara ali,Aswan
91,Sara ibrahim,Mansoura
92,Hussein rashid,Giza
93,Mohamed khaled,Mansoura
94,Laila youssef,Cairo
95,Laila mostafa,Aswan
96,Mona youssef,Aswan
97,Noah mostafa,Giza
98,Ahmed khaled,Ma nsoura
99,Sara rashid,Cairo
100,Noah khaled,Cairo
101,Mohamed ali,Alexandria
102,Hussein hassan,Mansoura
103,Hussein rashid,Cairo
104,Ahmed hassan,Alexandria
105,Sara salem,Cairo
106,Sara ibrahim,Aswan
107,Mona mahmoud,Giza
108,Sara khaled,Aswan
109,Sara mahmoud,Cairo
110,Omar rashid,Mansoura
111,Hussein ali,Alexandria
112,Hussein hassan,Cairo
113,Omar ali,Aswan
114,Mohamed ibrahim,Mansoura
115,Hussein rashid,Alexandria
116,Yassin hassan,Giza
117,Sara ali,Giza
118,Yassin rashid,Aswan
119,Noran mostafa,Alexandria
120,Hussein khaled,Mansoura
121,Ahmed ibrahim,Aswan
122,Mohamed fahmy,Mansoura
123,Yassin hassan,Mansoura
124,Mohamed mahmoud,Aswan
125,Omar ali,Aswan
126,Mohamed khaled,Cairo
127,Sara ali,Cairo
128,Noah fahmy,Mansoura
129,Mona salem,Alexandria
130,Hussein youssef,Cairo
131,Mohamed rashid,Giza
132,Hussein youssef,Alexandria
133,Noran salem,Giza
134,Sara ali,Aswan
135,Hussein youssef,Alexandria
136,Yassin hassan,Cairo
137,Mohamed youssef,Giza
138,Noran fahmy,Aswan
139,Hussein youssef,Giza
140,Noah khaled,As wan
141,Hussein mahmoud,Giza
142,Noah rashid,Cairo
143,Mohamed rashid,Gi za
144,Hussein hassan,Cairo
145,Omar khaled,Aswan
146,Hussein salem,Mansoura
147,Hussein mostafa,Giza
148,Noran ali,Mansoura
149,Mohamed mostafa,Aswan
150,Laila mostafa,Cairo
151,Noah mahmoud,Alexandria
152,Yassin fahmy,Giza
153,Noran mostafa,Aswan
154,Omar hassan,Cairo
155,Omar mostafa,Aswan
156,Omar youssef,Mansoura
157,Mona khaled,Cairo
158,Laila ibrahim,Cairo
159,Mona salem,Aswan
160,Mohamed fahmy,Alexandria
161,Mona khaled,Cairo
162,Hussein hassan,Cairo
163,Yassin fahmy,Cairo
164,Noran khaled,Cairo
165,Noah ibrahim,Mansoura
166,Sara salem,Alexandria
167,  laila fahmy  ,Cairo
168,Sara youssef,Giza
169,Mohamed ibrahim,Cairo
170,Yassin mahmoud,Giza
171,Ahmed ibrahim,Alexandria
172,Hussein khaled,Mansoura
173,Noran khaled,Cairo
174,Ahmed mostafa,Mansoura
175,Yassin youssef,Giza
176,Yassin ibrahim,Mansoura
177,  noran hassan  ,Mansoura
178,Mohamed mahmoud,Aswan
179,Mona ali,Giza
180,Noran hassan,Mansoura
181,Mona youssef,Giza
182,Omar fahmy,Alexandria
183,Yassin mostafa,Cairo
184,Mohamed ibrahim,Mansoura
185,Laila salem,Giza
186,Hussein youssef,Giza
187,Ahmed ali,Giza
188,Laila salem,Aswan
189,Ahmed rashid,Aswan
190,Ahmed rashid,Cairo
191,Yassin ali,Alexandria
192,Noran mahmoud,Giza
193,Noran hassan,Giza
194,Laila ibrahim,Giza
195,Mona ibrahim,Aswan
196,  noran ibrahim  ,Aswan
197,Sara ibrahim,Alexandria
198,Yassin hassan,Giza
199,Omar ali,Giza
200,Yassin salem,Alexandria
201,Noah rashid,Aswan
202,Sara rashid,Alexandria
203,Sara khaled,Aswan
204,Yassin youssef,Cairo
205,Omar hassan,Giza
206,Mona hassan,Alexandria
207,  mona fahmy  ,Giza
208,Mohamed mahmoud,Alexandria
209,Yassin rashid,Ma nsoura
210,Yassin fahmy,Aswan
211,Ahmed mostafa,Mansoura
212,Hussein salem,Aswan
213,Noah ibrahim,Giza
214,Mohamed fahmy,Giza
215,Omar ali,Mansoura
216,Noran youssef,Cairo
217,Mohamed salem,Giza
218,Hussein rashid,Alexandria
219,Sara mostafa,Cairo
220,Mona fahmy,Mansoura
221,Ahmed mahmoud,Giza
222,Mona mahmoud,Alexandria
223,Mohamed khaled,Cairo
224,Mohamed hassan,Giza
225,Hussein mahmoud,Mansoura
226,Noran salem,Mansoura
227,Mona mahmoud,Aswan
228,Laila rashid,Cairo
229,Laila ali,Aswan
230,Mohamed salem,Alexandria
231,Mohamed ali,Alexandria
232,Sara rashid,Alexandria
233,Mohamed ibrahim,Cairo
234,Noran mahmoud,Cairo
235,Yassin mahmoud,Aswan
236,Hussein ali,Giza
237,Laila hassan,Cairo
238,Mona salem,Cairo
239,Omar mahmoud,Alexandria
240,Yassin khaled,Aswan
241,Yassin ibrahim,Giza
242,Sara hassan,Giza
243,Laila fahmy,Cairo
244,  laila salem  ,Giza
245,Ahmed salem,Giza
246,Hussein fahmy,Giza
247,Mona youssef,Mansoura
248,Noah mahmoud,Aswan
249,Noran khaled,Alexandria
250,Mohamed youssef,Mansoura
251,Laila khaled,Alexandria
252,Noran mostafa,Alexandria
253,Ahmed hassan,Mansoura
254,Ahmed youssef,Mansoura
255,Ahmed hassan,Mansoura
256,Ahmed khaled,Cairo
257,Omar rashid,Aswan
258,Mohamed khaled,Giza
259,Noah salem,Aswan
260,Noran rashid,Aswan
261,Laila mahmoud,Alexandria
262,  omar fahmy  ,Aswan
263,Noran hassan,Mansoura
264,Ahmed salem,Mansoura
265,Noah ali,Aswan
266,Mona ibrahim,Alexandria
267,Mohamed mostafa,Cairo
268,Omar salem,Mansoura
269,Noah fahmy,Giza
270,Hussein fahmy,Giza
271,Sara salem,Mansoura
272,Sara youssef,Alexandria
273,Sara youssef,Cairo
274,Noran ibrahim,Giza
275,Mohamed mahmoud,Mansoura
276,Sara fahmy,Giza
277,Omar mostafa,Alexandria
278,Yassin ali,Aswan
279,Hussein rashid,Alexandria
280,Mohamed salem,Alexandria
281,Yassin khaled,Alexandria
282,Hussein ibrahim,Giza
283,Mohamed mahmoud,Giza
284,Yassin fahmy,Mansoura
285,Sara ibrahim,Cairo
286,Yassin salem,Mansoura
287,Yassin ibrahim,Mansoura
288,Sara mahmoud,Giza
289,Noah ali,Cairo
290,Sara hassan,Giza
291,Hussein salem,Giza
292,Noah mostafa,Aswan
293,Mohamed salem,Cairo
294,Yassin ibrahim,Giza
295,Hussein hassan,Aswan
296,Laila ali,Aswan
297,Ahmed mostafa,Aswan
298,Ahmed hassan,Mansoura
299,Yassin khaled,Giza
300,Mona hassan,Aswan
